"","X.1","X","Name","Vial","Patch","Mpatch","Flag","Year","Date","Check","Species","Capt","Tag_start","Mark","Sex","Weight","Colour","White.spot","WS.position","Testes","Vagina","Pubic.bone","Pregnant","Nipples","Lactating","Mites","Ticks","Fleas","Fur.loss","Biopsy","Blood","Isolate","Severity","Bleeder","Comments","Urinate","Deficate","Resists","Pushing","Bites","Squeaks","Handling","Docility","Corrected.Mark"
"1",1,1,"gp","","sgi39",NA,"cl78",2020,"2020-07-22",3,"wv","r","10502190",NA,"",NA,"",NA,"","","","","",NA,"",NA,NA,0,NA,NA,NA,NA,"","","",NA,NA,NA,NA,NA,NA,NA,0,"10502190"
"2",2,2,"gp","","sgi39",NA,"aa05",2020,"2020-07-22",3,"wv","r","10517254",NA,"",NA,"",NA,"","","","","",NA,"",NA,NA,0,NA,NA,NA,NA,"","","",NA,NA,NA,NA,NA,NA,NA,0,"10517254"
"3",3,3,"gp","","sgi39",NA,"p26",2020,"2020-07-22",3,"wv","r","10866293",NA,"",NA,"",NA,"","","","","",NA,"",NA,NA,0,NA,NA,NA,NA,"","","",NA,NA,NA,NA,NA,NA,NA,0,"10866293"
"4",4,4,"gp","","sgi39",NA,"da4",2020,"2020-07-22",3,"wv","r","5599480",NA,"",NA,"",NA,"","","","","",NA,"",NA,NA,0,NA,NA,NA,NA,"","","",NA,NA,NA,NA,NA,NA,NA,0,"5599480"
"5",5,5,"gp","","sgi39",NA,"c12",2020,"2020-07-22",3,"wv","r","5670699",NA,"",NA,"",NA,"","","","","",NA,"",NA,NA,0,NA,NA,NA,NA,"","","",NA,NA,NA,NA,NA,NA,NA,0,"5670699"
"6",6,6,"gp","gp200","sgi39",NA,"x33",2020,"2020-07-22",3,"wv","n","10526054",NA,"f",100,"bl",1,"head","","np","closed","N",1,"N",NA,0,0,0,1,1,1,"m","lm","",0,0,1,0,1,2,1,5,"10526054"
"7",7,7,"gp","","sgi39",NA,"p24",2020,"2020-07-22",3,"wv","r","10516903",NA,"",NA,"",NA,"","","","","",NA,"",NA,NA,0,NA,NA,NA,NA,"","","",NA,NA,NA,NA,NA,NA,NA,0,"10516903"
"8",8,8,"gp","gp201","sgi44",NA,"cl2",2020,"2020-07-22",3,"wv","n","10516953",NA,"m",155,"bl",1,"head","s","","","",NA,"",5,3,0,1,1,1,1,"m","lm","",0,0,1,1,1,2,2,7,"10516953"
"9",9,9,"gp","","sgi44",NA,"p63",2020,"2020-07-22",3,"wv","r","5668018",NA,"",NA,"",NA,"","","","","",NA,"",NA,NA,0,NA,NA,NA,NA,"","","",NA,NA,NA,NA,NA,NA,NA,0,"5668018"
"10",10,10,"gp","","sgi44",NA,"fo9",2020,"2020-07-22",3,"wv","r","10504883",NA,"",NA,"",NA,"","","","","",NA,"",NA,NA,0,NA,NA,NA,NA,"","","",NA,NA,NA,NA,NA,NA,NA,0,"10504883"
"11",11,11,"gp","gp202","sgi0103",NA,"l14",2020,"2020-07-22",2,"wv","n","10501714",NA,"f",150,"bl",1,"head","","p","open","N",1,"N",NA,1,0,0,1,1,1,"m","","lm",0,0,1,1,1,1,1,5,"10501714"
"12",12,12,"gp","","sgi0103",NA,"cl25",2020,"2020-07-22",2,"wv","r","10848959",NA,"",NA,"",NA,"","","","","",NA,"",NA,NA,0,NA,NA,NA,NA,"","","",NA,NA,NA,NA,NA,NA,NA,0,"10848959"
"13",13,13,"gp","","sgi0103",NA,"x12",2020,"2020-07-22",2,"wv","r","6476256",NA,"",NA,"",NA,"","","","","",NA,"",NA,NA,0,NA,NA,NA,NA,"","","",NA,NA,NA,NA,NA,NA,NA,0,"6476256"
"14",14,14,"gp","gp206","led01",NA,"x13",2020,"2020-07-28",2,"fv","n",NA,"lh","m",40,"",NA,"","s","","","",NA,"",1,1,1,0,NA,NA,NA,"","","",NA,NA,NA,NA,NA,NA,NA,0,NA
"15",15,15,"gp","","cro0708",NA,"cl27",2020,"2020-08-02",2,"wm",NA,NA,"","",NA,"",NA,"","","","","",NA,"",NA,NA,NA,NA,NA,NA,NA,"","","",NA,NA,NA,NA,NA,NA,NA,0,NA
"16",16,16,"gp","gp212","cro0708",NA,"p15",2020,"2020-08-02",2,"wv","n","5597753",NA,"f",200,"bl",2,"tail","","p","open","Y",2,"N",2,2,0,0,1,NA,NA,"","","",0,1,1,0,2,2,2,8,"5597753"
"17",17,17,"gp","gp213","led2223",NA,"b55",2020,"2020-08-02",3,"wv","n","56574918",NA,"f",105,"bl/br",0,"","","p","closed","N",1,"N",6,8,2,0,1,1,1,"m","lm","",0,0,1,1,1,1,1,5,"56574918"
"18",18,18,"gp","","led2223",NA,"a54",2020,"2020-08-02",3,"wv","r","10864370",NA,"",NA,"",NA,"","","","","",NA,"",NA,NA,0,NA,NA,1,1,"m","lm","",NA,NA,NA,NA,NA,NA,NA,0,"10864370"
"19",19,19,"gp","","led2728",NA,"p57",2020,"2020-08-02",3,"wv","r","5600773",NA,"",NA,"",NA,"","","","","",NA,"",NA,NA,0,NA,NA,NA,NA,"","","",NA,NA,NA,NA,NA,NA,NA,0,"5600773"
"20",20,20,"gp","gp214","led2728",NA,"cl95",2020,"2020-08-02",3,"wv","r","5673698",NA,"f",65,"bl",1,"head","","np","closed","N",1,"N",4,0,1,0,1,1,1,"m","lm","",0,1,1,1,0,2,1,6,"5673698"
"21",21,21,"gp","gp215","cro1015",NA,"cl64",2020,"2020-08-07",2,"wv","n","5674075",NA,"f",75,"bl",1,"head","","np","closed","N",1,"N",5,1,0,0,1,NA,NA,"","","",1,0,0,0,2,1,1,5,"5674075"
"22",22,22,"gp","gp216","cro1015",NA,"a15",2020,"2020-08-07",2,"fv","n",NA,"ls,rs","m",35,"",NA,"","s","","","",NA,"",2,0,0,NA,NA,NA,NA,"","","",NA,NA,NA,NA,NA,NA,NA,0,NA
"23",23,23,"gp","gp217","cro1015",NA,"cl40",2020,"2020-08-07",2,"fv","n",NA,"lh,rh","f",25,"",NA,"","","p","open","N",2,"N",1,0,0,NA,NA,NA,NA,"","","",NA,NA,NA,NA,NA,NA,NA,0,NA
"24",24,24,"gp","","cro1015",NA,"blank",2020,"2020-08-07",2,"fv","r",NA,"rh","",NA,"",NA,"","","","","",NA,"",NA,NA,0,NA,NA,NA,NA,"","","",NA,NA,NA,NA,NA,NA,NA,0,NA
"25",25,25,"gp","","led2425",NA,"ab54",2020,"2020-08-08",3,"wv","r","6470023",NA,"",NA,"",NA,"","","","","",NA,"",NA,NA,0,NA,NA,NA,NA,"","","",NA,NA,NA,NA,NA,NA,NA,0,"6470025"
"26",26,26,"gp","gp218","led2425",NA,"k5",2020,"2020-08-08",3,"wv","n","5681096",NA,"m",NA,"bl",NA,"","s","","","",NA,"",2,0,0,NA,NA,NA,NA,"","","",1,0,1,0,1,2,1,6,"5681096"
"27",27,27,"gp","","led2425",NA,"aa71",2020,"2020-08-08",3,"wv","r","6498073",NA,"",NA,"",NA,"","","","","",NA,"",NA,NA,0,NA,NA,NA,NA,"","","",NA,NA,NA,NA,NA,NA,NA,0,"6498073"
"28",28,28,"gp","gp219","led2425",NA,"p74",2020,"2020-08-08",3,"wv","n","5595940",NA,"m",90,"bl",0,"","s","","","",NA,"",2,0,0,NA,NA,NA,NA,"","","",0,1,0,0,1,1,1,4,"5595940"
"29",29,29,"gp","gp220","led2425",NA,"b25",2020,"2020-08-08",3,"wv","n","10501905",NA,"f",95,"bl",0,"","","p","closed","N",2,"N",2,0,0,0,1,NA,NA,"","","",0,1,0,0,2,0,1,4,"10501905"
"30",30,30,"gp","","lei11",NA,"aa28",2020,"2020-08-13",1,"wv",NA,"","","",NA,"",NA,"","","","","",NA,"",NA,NA,NA,NA,NA,NA,NA,"","","escaped",NA,NA,NA,NA,NA,NA,NA,0,""
"31",31,31,"gp","","lei11",NA,"aa11",2020,"2020-08-13",1,"wv",NA,"","","",NA,"",NA,"","","","","",NA,"",NA,NA,NA,NA,NA,NA,NA,"","","escaped",NA,NA,NA,NA,NA,NA,NA,0,""
"32",32,32,"gp","gp221","lei11",NA,"cl54",2020,"2020-08-12",2,"wv","n","6498878",NA,"f",155,"bl",0,"","","p","closed","N",2,"N",2,0,0,0,1,1,1,"m","xl","",0,1,0,0,1,0,0,2,"6498878"
"33",33,33,"gp","gp222","lei11",NA,"aa74",2020,"2020-08-12",2,"wv","n","10525765",NA,"m",105,"bl",2,"head","s","","","",NA,"",2,0,0,0,1,1,1,"m","xl","",1,0,1,1,2,1,1,7,"10525765"
"34",34,34,"gp","gp223","led19",NA,"cl38",2020,"2020-08-12",2,"wv","n","5674338",NA,"m",40,"bl",0,"","ns","","","",NA,"",6,1,1,0,1,1,1,"m","xl","",1,1,0,0,1,1,1,5,"5674338"
"35",35,35,"gp","","led19",NA,"x27",2020,"2020-08-12",2,"wv","r","5678812",NA,"",NA,"",NA,"","","","","",NA,"",NA,NA,0,NA,NA,NA,NA,"","","",NA,NA,NA,NA,NA,NA,NA,0,"5678812"
"36",36,36,"gp","gp224","led19",NA,"b86",2020,"2020-08-12",2,"wv","n","5597354",NA,"m",150,"bl",0,"","s","","","",NA,"",1,4,0,0,1,1,1,"m","xl","",1,1,1,1,1,1,2,8,"5597354"
"37",37,37,"gp","","sgi3637",NA,"x25",2020,"2020-08-17",1,"wv","nr","5664408",NA,"m",190,"bl/br",0,"","s","","","",NA,"",1,3,0,0,NA,NA,NA,"","","",0,1,0,1,1,0,0,3,"5664408"
"38",38,38,"gp","gp225","sgi30",NA,"x5",2020,"2020-08-18",2,"wv","n","5674301",NA,"f",95,"bl",1,"head","","np","closed","N",1,"N",4,0,0,0,1,NA,NA,"","","pit tag lost and replaced with 6484273",1,1,0,0,1,0,0,3,"5674301"
"39",39,39,"gp","gp226","sgi30",NA,"b7",2020,"2020-08-18",2,"wv","n","5674861",NA,"f",100,"bl",0,"","","np","closed","N",1,"N",5,5,0,0,1,NA,NA,"","","",1,1,0,0,1,1,1,5,"5674861"
"40",40,40,"gp","","sgi3637",NA,"p21",2020,"2020-08-19",3,"wv","r","5664408",NA,"",NA,"",NA,"","","","","",NA,"",NA,NA,0,NA,NA,NA,NA,"","","",NA,NA,NA,NA,NA,NA,NA,0,"5664408"
"41",41,41,"gp","gp227","sgi3637",NA,"blank",2020,"2020-08-19",3,"wv","n","5806334",NA,"f",160,"bl",0,"","","p","open","Y",3,"Y",6,0,0,1,1,NA,NA,"","","",0,1,1,1,1,1,1,6,"5806334"
"42",42,42,"lm","lm200","led1415",NA,"cl71",2020,"2020-07-18",1,"wv","n","5596071",NA,"m",200,"bl",0,NA,"ms",NA,NA,NA,NA,NA,1,0,0,0,1,NA,NA,"","","",1,0,1,1,0,2,1,6,"5596071"
"43",43,43,"lm","","led1415",NA,"cl18",2020,"2020-07-18",1,"wv","n","","","",NA,"",NA,"","","","","",NA,"",NA,NA,NA,NA,NA,NA,NA,"","","escaped",NA,NA,NA,NA,NA,NA,NA,0,""
"44",44,44,"lm","lm202","led1415",NA,"c4",2020,"2020-07-19",2,"wv","n","6485276",NA,"f",200,"bl",1,"chin",NA,"p","open","N",3,"Y",0,0,0,0,1,1,1,"m","lm","",0,0,1,1,1,0,1,4,"6485276"
"45",45,45,"lm","lm203","led1415",NA,"d06",2020,"2020-07-19",2,"wv","n","5663067",NA,"f",110,"bl",0,NA,NA,"p","closed","N",3,"N",0,0,0,0,1,1,1,"m","lm","",NA,NA,NA,NA,NA,NA,NA,0,"5663067"
"46",46,46,"lm","lm200","led1415",NA,"x29",2020,"2020-07-20",3,"wv","r","5596071",NA,"m",NA,"bl",NA,"","","","","",NA,"",NA,NA,0,NA,NA,1,1,"m","lm","couldn't get big enough blooss sample",NA,NA,NA,NA,NA,NA,NA,0,"5596071"
"47",47,47,"lm","lm202","led1415",NA,"f28",2020,"2020-07-20",3,"wv","r","6485276",NA,"",NA,"",NA,"","","","","",NA,"",NA,NA,0,NA,NA,NA,NA,"","","",NA,NA,NA,NA,NA,NA,NA,0,"6485276"
"48",48,48,"lm","lm205","led1415",NA,"cl40",2020,"2020-07-20",3,"wv","n","5663009",NA,"f",150,"bl",0,NA,NA,"p","open","Y",3,"Y",0,0,0,0,1,1,1,"m","lm","",1,1,1,1,1,1,1,7,"5663009"
"49",49,49,"lm","lm206","sgi39",NA,"x33",2020,"2020-07-21",2,"wv","n","5601272",NA,"f",180,"bl/br",0,NA,NA,"np","open","Y",4,"Y",NA,1,0,0,1,1,1,"m","xl","",0,0,1,1,0,1,1,4,"5601272"
"50",50,50,"lm","lm207","sgi39",NA,"cl54",2020,"2020-07-21",2,"wv","n","5670699",NA,"f",205,"bl",0,NA,NA,"p","open","Y",3,"N",0,1,0,0,1,1,1,"m","xl","",NA,NA,NA,NA,NA,NA,NA,0,"5670699"
"51",51,51,"lm","lm208","sgi39",NA,"p26",2020,"2020-07-21",2,"wv","n","863952",NA,"m",60,"",1,"back","ns","","","",NA,"",0,3,0,0,1,1,1,"m","xl","",1,0,1,1,1,2,1,7,"863952"
"52",52,52,"lm","lm209","sgi39",NA,"da4",2020,"2020-07-21",2,"wv","n","5399420",NA,"f",NA,"bl",1,"back",NA,"np","closed","Y",3,"Y",0,2,0,0,1,1,1,"m","xl","",NA,NA,NA,NA,NA,NA,NA,0,"5399420"
"53",53,53,"lm","lm210","sgi39",NA,"p24",2020,"2020-07-21",2,"wv","n","5597899",NA,"m",NA,"bl",1,"back","ns","","","",NA,"",0,3,0,0,1,1,1,"m","xl","",NA,NA,NA,NA,NA,NA,NA,0,"5597899"
"54",54,54,"lm","vc01","sgi39",NA,"aa05",2020,"2020-07-21",2,"wv","r","10517254",NA,"",NA,"",NA,"","","","","",NA,"",NA,NA,0,NA,NA,NA,NA,"","","",NA,NA,NA,NA,NA,NA,NA,0,"10517254"
"55",55,55,"lm","vc05","sgi44",NA,"da8",2020,"2020-07-21",2,"wv","r","5668018",NA,"f",NA,"",NA,"","","","","",NA,"",NA,NA,0,NA,NA,NA,NA,"","","bloodspot and vagina open so closed traps around ",NA,NA,NA,NA,NA,NA,NA,0,"5668018"
"56",56,56,"lm","lm211","sgi44",NA,"f09",2020,"2020-07-21",2,"wv","n","5655885",NA,"f",180,"bl",0,NA,NA,"p","open","Y",2,"N",0,0,1,NA,1,1,1,"m","xl","",0,1,1,1,1,1,1,6,"5655885"
"57",57,57,"lm","lm212","sgi44",NA,"p51",2020,"2020-07-21",2,"wv","n","10864798",NA,"f",190,"bl/br",0,NA,NA,"p","open","Y",4,"Y",NA,2,0,0,1,1,1,"m","xl","bloodspot + wet",1,1,1,1,0,1,1,6,"10864798"
"58",58,58,"lm","lm213","sgi44",NA,"a76",2020,"2020-07-21",2,"wv","n","10505144",NA,"m",140,"bl",1,"head","s","","","",NA,"",1,8,0,0,1,1,1,"m","xl","",0,0,1,1,1,1,2,6,"10505144"
"59",59,59,"lm","lm214","sgi0103",NA,"cl42",2020,"2020-07-21",1,"wv","n","10848959",NA,"m",145,"bl",0,NA,"ms","","","",NA,"",0,2,0,0,1,1,1,"m","xl","",0,1,1,1,2,2,2,9,"10848959"
"60",60,60,"lm","lm215","sgi0103",NA,"x25",2020,"2020-07-21",1,"wv","n","6476389",NA,"f",140,"bl",1,"head",NA,"p","closed","N",3,"N",0,0,0,0,1,1,1,"m","xl","",0,1,1,1,0,1,1,5,"6476389"
"61",61,61,"lm","lm216","sgi0103",NA,"da6",2020,"2020-07-21",1,"wv","n","6476256",NA,"m",190,"bl/br",0,NA,"s","","","",NA,"",0,8,0,0,1,1,1,"m","xl","",NA,NA,NA,NA,NA,NA,NA,0,"6476256"
"62",62,62,"lm","lm217","sgi39",NA,"d14",2020,"2020-07-23",4,"wv","n","5601822",NA,"f",160,"bl",1,"back",NA,"p","open","Y",4,"Y",0,5,0,0,1,0,0,"","","blood spot; kink tail",1,0,1,1,2,0,1,6,"5601822"
"63",63,63,"lm","","sgi39",NA,"c12",2020,"2020-07-23",4,"wv","r","5670699",NA,"",NA,"",NA,"","","","","",NA,"",NA,NA,NA,NA,NA,NA,NA,"","","",1,1,1,1,1,1,1,7,"5670699"
"64",64,64,"lm","lm218","sgi39",NA,"x33",2020,"2020-07-23",4,"wv","n","5600906",NA,"m",100,"bl",1,"head","s","","","",NA,"",0,0,0,0,1,1,1,"m","lm","",0,0,1,1,1,1,1,5,"5600906"
"65",65,65,"lm","","sgi39",NA,"p26",2020,"2020-07-23",4,"wv","r","5601277",NA,"",NA,"",NA,"","","","","",NA,"",NA,NA,NA,NA,NA,NA,NA,"","","dazed very pregnant",0,0,1,0,0,0,0,1,"5601272"
"66",66,66,"lm","lm219","sgi39",NA,"cl16",2020,"2020-07-23",4,"wv","n","6485399",NA,"m",60,"bl",1,"head","ns","","","",NA,"",0,0,0,0,1,1,1,"m","lm","wet",0,1,0,0,0,1,0,2,"6485399"
"67",67,67,"lm","","sgi44",NA,"cl2",2020,"2020-07-23",4,"wv","r","10516953",NA,"",NA,"",NA,"","","","","",NA,"",NA,NA,0,NA,NA,NA,NA,"","","",0,0,0,1,1,0,1,3,"10516953"
"68",68,68,"lm","","sgi44",NA,"p63",2020,"2020-07-23",4,"wv","r","5668018",NA,"",NA,"",NA,"","","","","",NA,"",NA,NA,0,NA,NA,NA,NA,"","","",1,1,1,1,1,0,1,6,"5668018"
"69",69,69,"lm","","sgi44",NA,"f09",2020,"2020-07-23",4,"wv","r","5655885",NA,"",NA,"",NA,"","","","","",NA,"",NA,NA,0,NA,NA,NA,NA,"","","",0,0,1,1,0,0,1,3,"5655885"
"70",70,70,"lm","","sgi0103",NA,"l14",2020,"2020-07-23",3,"wv","r","10501714",NA,"",NA,"",NA,"","","","","",NA,"",NA,NA,0,NA,NA,NA,NA,"","","",NA,NA,NA,NA,NA,NA,NA,0,"10501714"
"71",71,71,"lm","","sgi0103",NA,"cl71",2020,"2020-07-23",3,"wv","r","10848959",NA,"",NA,"",NA,"","","","","",NA,"",NA,NA,0,NA,NA,NA,NA,"","","",NA,NA,NA,NA,NA,NA,NA,0,"10848959"
"72",72,72,"lm","lm220","sgi0103",NA,"da6",2020,"2020-07-23",3,"wv","n","10504904",NA,"f",90,"bl",1,"head","","p","closed","N",2,"N",3,1,0,0,1,1,1,"m","lm","",1,1,1,1,0,1,1,6,"10504904"
"73",73,73,"lm","","sgi0103",NA,"x2",2020,"2020-07-23",3,"wv","r","6476256",NA,"",NA,"",NA,"","","","","",NA,"",NA,NA,0,NA,NA,NA,NA,"","","",NA,NA,NA,NA,NA,NA,NA,0,"6476256"
"74",74,74,"lm","lm222","led01",NA,"l29",2020,"2020-07-27",1,"fv","n",NA,"rs","m",30,"br",NA,"","ns","","","",NA,"",0,0,0,0,NA,NA,NA,"","","",NA,NA,NA,NA,NA,NA,NA,0,NA
"75",75,75,"lm","lm223","led0708",NA,"p14",2020,"2020-07-27",1,"fv","n",NA,"ls","m",30,"br",NA,"","s","","","",NA,"",0,0,0,0,NA,NA,NA,"","","",NA,NA,NA,NA,NA,NA,NA,0,NA
"76",76,76,"lm","lm224","led0708",NA,"p26",2020,"2020-07-27",1,"wv","nr","5663820",NA,"",210,"bl",NA,"","s","","","",NA,"",0,1,0,0,1,1,1,"m","lm","",1,1,1,1,1,0,1,6,"5663820"
"77",77,77,"lm","lm225","led0708",NA,"p52",2020,"2020-07-27",1,"fv","n",NA,"","",40,"br",NA,"","s","","","",NA,"",0,0,0,0,NA,NA,NA,"","","missing tail",NA,NA,NA,NA,NA,NA,NA,0,NA
"78",78,78,"lm","lm226","led0708",NA,"cl58",2020,"2020-07-27",1,"fv","n",NA,"rs","",40,"br",NA,"","s","","","",NA,"",0,0,0,0,NA,NA,NA,"","","",NA,NA,NA,NA,NA,NA,NA,0,NA
"79",79,79,"lm","elb07 ","led01",NA,"x13",2020,"2020-07-31",3,"wv","n","6476079",NA,"m",40,"bl",1,"head","ns","","","",NA,"",0,1,0,0,1,1,1,"m","lm","",1,0,0,0,0,1,1,3,"6476079"
"80",80,80,"lm","lm227","led01",NA,"x10",2020,"2020-07-31",3,"fv","n",NA,NA,"m",20,"br",NA,"","s","","","",NA,"",0,0,0,0,NA,1,0,"m","lm","",NA,NA,NA,NA,NA,NA,NA,0,NA
"81",81,81,"lm","lm228","led01",NA,"l29",2020,"2020-07-31",3,"fv","n",NA,"","m",30,"br",NA,"","s","","","",NA,"",0,2,0,0,NA,1,0,"m","lm","messed up the bleed",NA,NA,NA,NA,NA,NA,NA,0,NA
"82",82,82,"lm","lm229","led01",NA,"cl25",2020,"2020-07-31",3,"fv","n",NA,"","m",20,"br",NA,"","s","","","",NA,"",0,1,0,0,NA,1,1,"m","lm","unsheated tail",NA,NA,NA,NA,NA,NA,NA,0,NA
"83",83,83,"lm","lm230","led0708",NA,"16",2020,"2020-07-31",3,"wv","n","10516701",NA,"m",140,"bl",2,"head","s","","","",NA,"",0,2,0,0,1,1,1,"m","lm","what a bastard",1,1,1,1,2,2,2,10,"10516701"
"84",84,84,"lm","","led0708",NA,"",2020,"2020-07-31",3,"fv","n",NA,"","",NA,"",NA,"","","","","",NA,"",NA,NA,NA,NA,NA,NA,NA,"","","dead",NA,NA,NA,NA,NA,NA,NA,0,NA
"85",85,85,"lm","lm231","ledx",NA,"cl80",2020,"2020-08-02",1,"wv","n","10872218",NA,"f",50,"bl",1,"head","","np","closed","N",0,"N",6,1,1,0,1,1,1,"m","lm","",1,1,1,1,1,1,1,7,"10872218"
"86",86,86,"lm","lm232","led2223",NA,"b82",2020,"2020-08-02",1,"wv","n","10864370",NA,"m",140,"bl",1,"head","s","","","",NA,"",3,0,0,1,1,1,1,"m","lm","",0,1,1,1,1,1,2,7,"10864370"
"87",87,87,"lm","lm233","cro1015",NA,"blank",2020,"2020-08-06",1,"fv","n",NA,"rh","m",40,"br",NA,"","s","","","",NA,"",0,0,1,NA,NA,1,1,"m","lm","",NA,NA,NA,NA,NA,NA,NA,0,NA
"88",88,88,"lm","lm234","led2425",NA,"p77",2020,"2020-08-07",2,"wv","n","10872559",NA,"m",140,"bl",1,"head","s","","","",NA,"",8,0,0,0,1,1,1,"m","lm","",1,0,1,1,0,1,1,5,"10872559"
"89",89,89,"lm","","led2425",NA,"ab04",2020,"2020-08-07",2,"wv","r","5598346",NA,"",NA,"",NA,"","","","","",NA,"",NA,NA,0,NA,NA,1,1,"m","lm","",1,1,0,0,0,0,1,3,"5598346"
"90",90,90,"lm","lm235","led2425",NA,"b33",2020,"2020-08-07",2,"wv","n","10864776",NA,"f",150,"bl",NA,"","","p","open","Y",4,"Y",0,0,0,1,1,1,1,"m","lm","",0,1,1,1,1,0,1,5,"10864776"
"91",91,91,"lm","","led2425",NA,"",2020,"2020-08-07",2,"fv","r",NA,"","",NA,"",NA,"","","","","",NA,"",NA,NA,0,NA,NA,NA,NA,"","","bit off his own tail",NA,NA,NA,NA,NA,NA,NA,0,NA
"92",92,92,"lm","lm236","led2425",NA,"",2020,"2020-08-07",2,"wv","n","8668921",NA,"f",140,"bl",1,"head","","p","open","Y",4,"Y",0,0,0,0,1,1,1,"m","lm","",NA,NA,NA,NA,NA,NA,NA,0,"8668921"
"93",93,93,"lm","","cro1015",NA,"",2020,"2020-08-08",3,"fv","n",NA,NA,"m",40,"",NA,"","s","","","",NA,"",0,0,0,0,NA,1,1,"m","lm","",NA,NA,NA,NA,NA,NA,NA,0,NA
"94",94,94,"lm","","cro1015",NA,"",2020,"2020-08-08",3,"wv","r","5672531",NA,"",NA,"",NA,"","","","","",NA,"",NA,NA,2,NA,NA,1,1,"m","lm","",0,1,1,1,1,0,1,5,"5672531"
"95",95,95,"lm","lm237","lei18",NA,"p28",2020,"2020-08-11",1,"wv","n","5663128",NA,"m",110,"bl",0,NA,"s","","","",NA,"",0,1,0,1,1,1,1,"m","lm","",0,0,1,1,0,1,1,4,"5663128"
"96",96,96,"lm","elb33","lei21",NA,"a15",2020,"2020-08-11",1,"fv","n",NA,"ls","m",40,"",NA,"","s","","","",NA,"",0,0,0,0,NA,1,1,"m","lm","",NA,NA,NA,NA,NA,NA,NA,0,NA
"97",97,97,"lm","elb33","lei21",NA,"cl71",2020,"2020-08-12",1,"fv","r",NA,"ls","",NA,"",NA,"","","","","",NA,"",NA,NA,1,NA,NA,NA,NA,"","","",NA,NA,NA,NA,NA,NA,NA,0,NA
"98",98,98,"lm","lm238","led2021",NA,"cl33",2020,"2020-08-12",1,"wv","n","5681299",NA,"m",150,"bl",2,"other","s","","","",NA,"",NA,24,0,0,1,1,1,"m","lm","head, tail were white spot position, wet so couldn't see mites",0,1,1,1,1,1,1,6,"5681299"
"99",99,99,"lm","lm239","led19",NA,"x27",2020,"2020-08-12",1,"wv","n","5678812",NA,"f",40,"bl",1,"head","","np","closed","N",0,"N",1,6,3,0,1,1,1,"m","lm","",1,1,1,1,1,1,1,7,"5678812"
"100",100,100,"lm","","lei21",NA,"p15",2020,"2020-08-13",3,"wm",NA,NA,"","",NA,"",NA,"","","","","",NA,"",NA,NA,NA,NA,NA,NA,NA,"","","",NA,NA,NA,NA,NA,NA,NA,0,NA
"101",101,101,"lm","elb33","lei21",NA,"blank",2020,"2020-08-13",3,"fv",NA,NA,"","",NA,"",NA,"","","","","",NA,"",NA,NA,0,NA,NA,NA,NA,"","","",NA,NA,NA,NA,NA,NA,NA,0,NA
"102",102,102,"lm","hb29","sgi11",NA,"f28",2020,"2020-08-17",1,"wv","n","5595189",NA,"m",120,"bl",1,"limbs","s","","","",NA,"",2,0,0,1,1,1,1,"m","lm","",0,0,0,1,1,0,0,2,"5595189"
"103",103,103,"lm","","sgi0810",NA,"cl23",2020,"2020-08-17",1,"cs","n",NA,"","",NA,"",NA,"","","","","",NA,"",NA,NA,NA,NA,NA,NA,NA,"","","dead",NA,NA,NA,NA,NA,NA,NA,0,NA
"104",104,104,"lm","hb30","sgi0407",NA,"f09",2020,"2020-08-17",1,"wv","n","5597373",NA,"m",150,"bl",1,"head","s","","","",NA,"",3,0,1,1,1,1,1,"m","lm","flea escaped??",0,0,1,1,0,0,0,2,"5597373"
"105",105,105,"lm","","sgi3637",NA,"x25",2020,"2020-08-18",2,"wv","r","5664408",NA,"",NA,"bl/br",NA,"","","","","",NA,"",NA,NA,NA,NA,NA,1,1,"m","lm","",NA,NA,NA,NA,NA,NA,NA,0,"5664408"
"106",106,106,"lm","lm241","sgi3637",NA,"blank",2020,"2020-08-18",2,"wv","n",NA,NA,"m",100,"bl",0,NA,"ms","","","",NA,"",0,1,1,0,1,1,1,"m","lm","",1,1,1,1,1,1,1,7,NA
"107",107,107,"lm","","sgi16",NA,"blank",2020,"2020-08-18",2,"ps",NA,NA,"","",NA,"",NA,"","","","","",NA,"",NA,NA,NA,NA,NA,NA,NA,"","","dead",NA,NA,NA,NA,NA,NA,NA,0,NA
"108",108,108,"lm","lm242","led0708",NA,"p15",2020,"2020-08-18",1,"fv","n",NA,"","m",30,"",NA,"","s","","","",NA,"",0,0,0,NA,NA,NA,NA,"","","couldn't bleed infected tail ",NA,NA,NA,NA,NA,NA,NA,0,NA
"109",109,109,"lm","","lei11",NA,"aa4",2020,"2020-08-14",3,"wv","r","10525765",NA,"",NA,"",NA,"","","","","",NA,"",NA,NA,NA,NA,NA,NA,NA,"","","",0,0,1,1,0,1,1,4,"10525765"
"110",110,110,"lm","","lei11",NA,"cl54",2020,"2020-08-14",3,"wv","r","6498828",NA,"",NA,"",NA,"","","","","",NA,"",NA,NA,NA,NA,NA,NA,NA,"","","",NA,NA,NA,NA,NA,NA,NA,0,"6498878"
"111",111,111,"lm","lm240","lei0607",NA,"p42",2020,"2020-08-14",3,"wv","n","5673462",NA,"m",150,"bl",0,NA,"s","","","",NA,"",0,1,0,0,1,1,1,"m","lm","",NA,NA,NA,NA,NA,NA,NA,0,"5673462"
"112",112,112,"lm","","led2021",NA,"hr2",2020,"2020-08-14",3,"wv","r","5681299",NA,"",NA,"",NA,"","","","","",NA,"",NA,NA,NA,NA,NA,NA,NA,"","","",NA,NA,NA,NA,NA,NA,NA,0,"5681299"
"113",113,113,"gp","gp203","led09",NA,"cl38",2020,"27/07/2020",1,"wv","n","10526446",NA,"m",150,"bl",1,"head","s","","","",NA,"",2,0,0,0,1,0,NA,"","","",0,0,0,0,1,1,0,2,"10526446"
"114",114,114,"gp","gp204","led09",NA,"p27",2020,"27/07/2020",1,"wv","n","10505346",NA,"m",160,"bl",0,"","s","","","",NA,"",3,0,0,1,1,0,NA,"","","",1,1,1,0,1,1,1,6,"10505346"
"115",115,115,"hb","hb1","led09",NA,"d16",2020,"27/07/2020",1,"wv","n","10504863",NA,"m",110,"bl",1,"head","s","","","",NA,"",3,0,0,0,1,0,NA,"","","",0,1,0,0,1,1,0,3,"10504863"
"116",116,116,"gp","gp205","led11",NA,"p42",2020,"27/07/2020",1,"wv","n","10502085",NA,"m",100,"bl",1,"head","s","","","",NA,"",NA,0,0,0,1,0,NA,"","","",1,0,0,0,0,2,0,3,"10502085"
"117",117,117,"hb","hb2","led09",NA,"b4",2020,"28/07/2020",2,"wv","n","6470463",NA,"f",180,"bl",1,"head","","p","open","N",4,"N",0,0,1,1,1,1,NA,"m","lm","",1,1,0,1,1,0,1,5,"6470463"
"118",118,118,"gp","gp204","led09",NA,"blank",2020,"28/07/2020",2,"wv","r","10505346",NA,"m",NA,"",NA,"","","","","",NA,"",NA,0,0,NA,0,1,NA,"m","lm","",0,0,0,0,1,1,1,3,"10505346"
"119",119,119,"hb","hb3","led11",NA,"p42",2020,"28/07/2020",2,"wv","n","5599070",NA,"m",200,"bl",1,"head","s","","","",NA,"",1,0,0,1,1,1,NA,"m","lm","",0,1,1,1,2,1,1,7,"5599070"
"120",120,120,"hb","hb4","led11",NA,"blank",2020,"28/07/2020",2,"wv","n","5675037",NA,"f",165,"bl",0,"","","p","open","Y",4,"Y",1,0,0,2,1,1,NA,"m","lm","",1,0,1,1,0,0,1,4,"5675037"
"121",121,121,"gp","gp205","led11",NA,"blank",2020,"28/07/2020",2,"wv","r","6502085",NA,"m",NA,"",NA,"","","","","",NA,"",1,0,0,NA,0,1,NA,"m","lm","",1,0,0,0,0,0,0,1,"10502085"
"122",122,122,"hb","hb5","led09",NA,"cl37",2020,"28/07/2020",2,"wv","r","5672115",NA,"m",NA,"",NA,"","","","","",NA,"",1,0,2,NA,0,1,NA,"m","lm","",0,1,1,1,1,1,1,6,"5672115"
"123",123,123,"hb","hb6","cro0708",NA,"blue",2020,"01/08/2020",1,"wv","n","10863945",NA,"",NA,"bl",NA,"","","","","",NA,"",NA,NA,NA,NA,0,0,NA,"","","Escaped after tagged",0,0,1,1,2,1,2,7,"10863945"
"124",124,124,"hb","hb7","cro0708",NA,"cl90",2020,"01/08/2020",1,"wv","n","ls",NA,"m",120,"bl",1,"head","s","","","",NA,"",1,0,0,0,1,1,NA,"m","lm","",0,0,1,1,2,1,2,7,"ls"
"125",125,125,"hb","hb8","cro0708",NA,"b29",2020,"01/08/2020",1,"wv","n","rs",NA,"f",75,"bl",1,"head","","np","closed","N",1,"N",3,0,0,0,1,1,NA,"m","lm","",1,1,0,0,0,2,0,4,"rs"
"126",126,126,"hb","hb9","cro0708",NA,"b19",2020,"01/08/2020",1,"wv","nr","5597589",NA,"f",NA,"bl",0,"","","np","open","N",4,"Y",1,0,0,0,0,1,NA,"m","lm","Didn't weigh",1,1,0,0,0,1,0,3,"5597589"
"127",127,127,"hb","hbna","led2223",NA,"a54",2020,"03/08/2020",2,"wv",NA,"","","",NA,"",NA,"","","","","",NA,"",NA,NA,NA,NA,NA,NA,NA,"","","Escaped",NA,NA,NA,NA,NA,NA,NA,0,""
"128",128,128,"hb","hb13","led2223",NA,"cl95",2020,"03/08/2020",2,"wv","n","10880357",NA,"f",50,"bl",1,"head","","np","closed","N",1,"N",1,0,0,0,1,0,NA,"","","",1,1,0,1,0,1,0,4,"10880357"
"129",129,129,"hb","hb20","led2425",NA,"b55",2020,"06/08/2020",1,"wv","n","6479878",NA,"m",150,"bl",0,"","","","","",NA,"",1,0,0,NA,NA,NA,NA,"","","",0,0,1,1,1,1,2,6,"6479878"
"130",130,130,"hb","hb21","led2425",NA,"p69",2020,"06/08/2020",1,"wv","n","6470025",NA,"m",140,"bl",1,"head","s","","","",NA,"",1,0,0,NA,NA,NA,NA,"","","",0,1,0,1,1,1,2,6,"6470025"
"131",131,131,"hb","hb22","led2425",NA,"p72",2020,"06/08/2020",1,"wv","n","6475205",NA,"m",75,"bl",0,"","ns","","","",NA,"",1,0,0,NA,NA,NA,NA,"","","",0,1,1,1,0,1,0,4,"6475205"
"132",132,132,"hb","hb23","led2425",NA,"aa69",2020,"06/08/2020",1,"wv","n","5662209",NA,"m",150,"bl",0,"","ns","","","",NA,"",1,0,0,NA,NA,NA,NA,"","","",0,1,0,1,0,1,0,3,"5662209"
"133",133,133,"hb","hb24","led2425",NA,"b234",2020,"06/08/2020",1,"fv","n",NA,"rs","m",30,"",NA,"","s","","","",NA,"",1,1,0,NA,NA,NA,NA,"","","",0,1,0,0,1,1,0,3,NA
"134",134,134,"hb","hb25","led2425",NA,"da",2020,"06/08/2020",1,"wv","n","5600212",NA,"f",60,"bl",0,"","","np","closed","N",0,"N",3,0,0,NA,NA,NA,NA,"","","",0,1,1,1,0,1,2,6,"5600212"
"135",135,135,"hb","hb26","led2425",NA,"cl88",2020,"06/08/2020",1,"wv","n","5673949",NA,"m",175,"bl",0,"","s","","","",NA,"",NA,NA,NA,NA,NA,NA,NA,"","","",NA,NA,NA,NA,NA,NA,NA,0,"5673949"
"136",136,136,"hb","hb27","led2425",NA,"a88",2020,"08/08/2020",3,"wv","n","10872695",NA,"f",150,"bl",0,"","","p","open","N",3,"N",0,0,0,0,1,0,NA,"","","",0,1,1,1,0,0,0,3,"10872695"
"137",137,137,"hb","hbna","led2425",NA,"a55",2020,"08/08/2020",3,"fv","r",NA,"","m",30,"",NA,"","","","","",NA,"",0,0,0,0,NA,NA,NA,"","","",0,0,0,0,1,0,0,1,NA
"138",138,138,"hb","hb28","led2425",NA,"cl72",2020,"08/08/2020",3,"wv","n","5669085",NA,"f",220,"bl/br",0,"","","p","open","Y",4,"N",2,0,0,0,1,0,NA,"","","",1,1,0,0,0,1,0,3,"5669085"
"139",139,139,"hb","hb29","sgi11",NA,"da4",2020,"18/08/2020",2,"wv","r","5595189",NA,"m",NA,"",NA,"","","","","",NA,"",1,0,0,NA,NA,NA,NA,"","","",1,0,0,1,1,1,2,6,"5595189"
"140",140,140,"hb","hb31","sgi0810",NA,"d12",2020,"18/08/2020",2,"wv","nr","5663879",NA,"m",145,"bl",0,"","s","","","",NA,"",1,0,0,0,0,0,NA,"","","",1,1,0,0,0,0,0,2,"5663879"
"141",141,141,"hb","hb32","sgi0810",NA,"blank",2020,"18/08/2020",2,"wv","n","5600182",NA,"f",100,"bl",0,"","","np","closed","N",0,"N",0,0,0,0,1,NA,NA,"","","",0,0,0,0,0,0,0,0,"5600182"
"142",142,142,"hb","hb34","sgi1213",NA,"p40",2020,"18/08/2020",2,"wv","n","","","",NA,"",NA,"","","","","",NA,"",NA,NA,NA,NA,NA,NA,NA,"","","Didn't perform procedure as the tail was sererly damaged (could not handle securely)",NA,NA,NA,NA,NA,NA,NA,0,""
"143",143,143,"hb","hb29","sgi11",NA,"dal",2020,"19/08/2020",3,"wv","r","5595189",NA,"m",NA,"",NA,"","","","","",NA,"",0,0,0,NA,NA,NA,NA,"","","",0,0,1,0,0,0,2,3,"5595189"
"144",144,144,"hb","hb33","sgi0810",NA,"c22",2020,"19/08/2020",3,"wv","n","5664510",NA,"f",155,"bl",0,"","","np","closed","N",1,"N",NA,0,0,0,1,1,NA,"m","","Too wet for mites",1,0,1,0,0,0,0,2,"5664510"
"145",145,145,"hb","hb32","sgi0810",NA,"cl33",2020,"19/08/2020",3,"wv","r","5600182",NA,"f",100,"bl",0,"","","np","closed","N",NA,"",NA,NA,NA,NA,NA,NA,NA,"","","",NA,NA,NA,NA,NA,NA,NA,0,"5600182"
"146",146,146,"vc","vc01","sgi39",NA,"aa05",2020,"2020-07-20",1,"wv","n","517254",NA,"m",85,"bl/br",2,"head","ns",NA,NA,NA,NA,NA,0,0,0,0,1,1,1,"m","xl","",1,1,0,0,0,1,0,3,"10517254"
"147",147,147,"vc","vc02","sgi39",NA,"p4",2020,"2020-07-20",1,"wv","n","516709",NA,"m",215,"bl/br",1,"head","s",NA,NA,NA,NA,NA,0,10,0,5,1,1,1,"m","xl","",1,1,1,0,1,1,1,6,"516709"
"148",148,148,"vc","vc03","sgi39",NA,"cl78",2020,"2020-07-20",1,"wv","n","10502190",NA,"m",85,"bl",2,"head","ns",NA,NA,NA,NA,NA,0,1,1,0,1,1,1,"m","xl","",0,0,1,0,1,2,1,5,"10502190"
"149",149,149,"vc","vc04","sgi39",NA,"p26",2020,"2020-07-20",1,"wv","n","566138",NA,"m",65,"bl",2,"head","ns",NA,NA,NA,NA,NA,0,1,0,0,1,1,1,"m","xl","",1,1,1,0,0,2,1,6,"566138"
"150",150,150,"vc","vc05","sgi44",NA,"da8",2020,"2020-07-20",1,"wv","n","5668018",NA,"f",245,"bl",1,"head",NA,"p","open","Y",2,"N",0,0,1,0,0,1,1,"m","xl","",1,0,1,0,1,1,1,5,"5668018"
"151",151,151,"vc","vc06","sgi44",NA,"f09",2020,"2020-07-20",1,"wv","n","10504883",NA,"f",130,"bl",1,"head",NA,"p","closed","N",1,"N",0,2,0,0,1,1,1,"m","xl","",1,1,1,1,2,2,2,10,"10504883"
"152",152,152,"vc","vc07","led01",NA,"blank",2020,"2020-07-27",1,"wv","n","10847528",NA,"m",130,"bl",1,"head","ms",NA,NA,NA,NA,NA,0,2,0,0,1,1,0,"m","lm","",1,1,1,1,2,1,1,8,"10847528"
"153",153,153,"vc","vc08","led01",NA,"cl25",2020,"2020-07-27",1,"wv","n","10872452",NA,"f",110,"bl",0,NA,NA,"np","closed","N",1,"N",0,3,0,0,1,1,1,"m","lm","",0,1,1,1,1,1,1,6,"10872452"
"154",154,154,"vc","vc09","led01",NA,"cl81",2020,"2020-07-27",1,"wv","n","10871987",NA,"m",125,"bl",1,"head","ms",NA,NA,NA,NA,NA,1,2,3,15,1,1,1,"m","lm","Had a kinky tail and broken toe, poor mr vole ",1,0,1,1,2,1,1,7,"10871987"
"155",155,155,"vc","vc10","led0708",NA,"da4",2020,"2020-07-27",1,"wv","n","10875950",NA,"m",125,"bl",0,NA,"ms",NA,NA,NA,NA,NA,2,2,0,0,1,0,0,NA,NA,"",1,1,1,1,2,1,2,9,"10875950"
"156",156,156,"vc","vc11","led0708",NA,"cl78",2020,"2020-07-27",1,"fv","n",NA,"ls,lh",NA,NA,NA,NA,NA,NA,NA,NA,NA,NA,NA,NA,NA,NA,NA,NA,NA,NA,NA,NA,"escaped ",NA,NA,NA,NA,NA,NA,NA,0,NA
"157",157,157,"vc","","led01",NA,"x25",2020,"2020-07-27",2,"wv","r","10872452",NA,"",NA,"",NA,"","","","","",NA,"",NA,NA,0,NA,NA,NA,NA,"","","",NA,NA,NA,NA,NA,NA,NA,0,"10872452"
"158",158,158,"vc","","led01",NA,"p63",2020,"2020-07-28",2,"wv","r","5664242",NA,"",NA,"",NA,"","","","","",NA,"",NA,NA,0,NA,NA,NA,NA,"","","",NA,NA,NA,NA,NA,NA,NA,0,"5664242"
"159",159,159,"vc","","led01",NA,"cl81",2020,"2020-07-28",2,"wv","r","10871987",NA,"",NA,"",NA,"","","","","",NA,"",NA,NA,0,NA,NA,NA,NA,"","","Kinky tail returns!",NA,NA,NA,NA,NA,NA,NA,0,"10871987"
"160",160,160,"vc","","led0708",NA,"cl78",2020,"2020-07-28",2,"wv","r","10875950",NA,"",NA,"",NA,"","","","","",NA,"",NA,NA,0,NA,NA,NA,NA,"","","",NA,NA,NA,NA,NA,NA,NA,0,"10875950"
"161",161,161,"vc","vc12","led09",NA,"b4",2020,"2020-07-31",3,"wv","n","10877360",NA,"m",95,"bl",3,"head","ns",NA,NA,NA,NA,NA,0,1,2,0,1,0,0,NA,NA,"Very cute with white spot",0,0,0,0,1,2,0,3,"10877360"
"162",162,162,"vc","vc13","led09",NA,"p37",2020,"2020-07-31",3,"wv","n","10864741",NA,"f",220,"bl/br",0,NA,NA,"p","open","Y",2,"N",0,0,4,0,1,0,0,NA,NA,"pretty chill for pregnant female",0,1,1,0,0,2,0,4,"10864741"
"163",163,163,"vc","vc14","led11",NA,"cl33",2020,"2020-07-31",3,"wv","n","5595483",NA,"m",NA,"bl",1,"other","s",NA,NA,NA,NA,NA,0,1,1,0,0,0,0,NA,NA,"white spot location was a few hairs on head and back. Bit me and escaped before I could get wieght and biopsy ",1,1,1,1,2,2,2,10,"5595483"
"164",164,164,"vc","vc15","led11",NA,"p42",2020,"2020-07-31",3,"wv","n","5663758",NA,"m",55,"bl",1,"other","ns",NA,NA,NA,NA,NA,3,0,0,0,1,0,0,NA,NA,"white spot location was a few hairs on head and back.  ",1,1,1,1,0,2,0,6,"5663758"
"165",165,165,"vc","","led11",NA,"blank",2020,"2020-07-31",3,"wv","r","5675037",NA,"",NA,"",NA,"","","","","",NA,"",NA,NA,NA,NA,NA,NA,NA,"","","",NA,NA,NA,NA,NA,NA,NA,0,"5675037"
"166",166,166,"vc","vc16","led11",NA,"blank ",2020,"2020-07-31",3,"wv","n","6470304",NA,"m",60,"bl",1,"head","ns",NA,NA,NA,NA,NA,5,1,0,0,1,0,0,NA,NA,"",1,0,1,1,0,2,0,5,"6470304"
"167",167,167,"vc","","cro0708",NA,"x4",2020,"2020-08-02",2,"wv","r","5597589",NA,"",230,"",NA,"","","","","",NA,"",NA,NA,0,NA,NA,NA,NA,"","","Vole with half tail missing",NA,NA,NA,NA,NA,NA,NA,0,"5597589"
"168",168,168,"vc","","cro0708",NA,"cl43",2020,"2020-08-03",3,"wv","r","5597753",NA,"",NA,"",NA,"","","","","",NA,"",NA,NA,0,NA,NA,NA,NA,"","","",NA,NA,NA,NA,NA,NA,NA,0,"5597753"
"169",169,169,"vc","","cro0708",NA,"blank",2020,"2020-08-03",3,"wv","r","10864501",NA,"",NA,"",NA,"","","","","",NA,"",NA,NA,0,NA,NA,NA,NA,"","","was marked with hair clipping rh. Put new pit tag in: 10864501",NA,NA,NA,NA,NA,NA,NA,0,"10864501"
"170",170,170,"vc","","cro0708",NA,"x4",2020,"2020-08-03",3,"wv","r","5597589",NA,"",NA,"",NA,"","","","","",NA,"",NA,NA,NA,NA,NA,NA,NA,"","","",NA,NA,NA,NA,NA,NA,NA,0,"5597589"
"171",171,171,"vc","","cro0708",NA,"b19",2020,"2020-08-03",3,"wv","r","10863945",NA,"m",180,"bl",2,"head","s",NA,NA,NA,NA,NA,0,7,0,0,1,1,1,"m","lm","fully processed the recapture as escaped the last time after pit tagging",1,1,1,1,2,2,2,10,"10863945"
"172",172,172,"vc","vc17","ledx",NA,"p68",2020,"2020-08-04",3,"wv","n","10866168",NA,"m",60,"bl",1,"head","ns",NA,NA,NA,NA,NA,0,1,0,0,1,0,0,NA,NA,"",1,1,0,0,1,2,0,5,"10866168"
"173",173,173,"vc","","ledx",NA,"a55",2020,"2020-08-04",3,"wv","r","10871965",NA,"",NA,"",NA,"","","","","",NA,"",NA,NA,0,NA,NA,NA,NA,"","","",NA,NA,NA,NA,NA,NA,NA,0,"10871965"
"174",174,174,"vc","vc23","led2425",NA,"p46",2020,"2020-08-06",1,"wv","nr","10505423",NA,"f",240,"",0,NA,NA,"p","open","Y",2,"Y",0,0,0,0,1,0,0,"","","Colour- ginger",0,1,1,0,2,1,1,6,"10505423"
"175",175,175,"vc","vc18","led2425",NA,"ab04",2020,"2020-08-06",1,"wv","n","5598346",NA,"m",200,"bl/br",1,"back","s",NA,NA,NA,NA,NA,0,1,0,0,1,0,0,"","","",0,1,0,0,0,0,0,1,"5598346"
"176",176,176,"vc","vc19","led2425",NA,"a55",2020,"2020-08-06",1,"fv","n",NA,"ls","m",25,"",NA,"","ns",NA,NA,NA,NA,NA,0,0,0,0,NA,0,0,"","","",NA,NA,NA,NA,NA,NA,NA,0,NA
"177",177,177,"vc","vc20","led2425",NA,"p72",2020,"2020-08-06",1,"wv","n","6498073",NA,"m",70,"bl",1,"head","ns",NA,NA,NA,NA,NA,4,0,0,0,1,0,0,"","","",0,1,0,0,1,1,0,3,"6498073"
"178",178,178,"vc","vc21","led2425",NA,"blank",2020,"2020-08-06",1,"wv","n","10864769",NA,"m",70,"bl/br",0,"","ms",NA,NA,NA,NA,NA,0,0,0,0,1,0,0,"","","",1,1,1,1,1,1,1,7,"10864769"
"179",179,179,"vc","vc22","led2425",NA,"p44",2020,"2020-08-06",1,"wv","n","5599672",NA,"m",80,"bl",2,"other","ns",NA,NA,NA,NA,NA,3,1,0,0,1,0,0,"","","white spot- tail and head",0,0,0,0,1,1,0,2,"5599672"
"180",180,180,"vc","vc23","led2425",NA,"k37",2020,"2020-08-07",2,"wv","r","10505423",NA,"",NA,"",NA,"","","","","",NA,"",NA,NA,0,NA,NA,1,1,"m","lm","",NA,NA,NA,NA,NA,NA,NA,0,"10505423"
"181",181,181,"vc","vc24","led2425",NA,"p46",2020,"2020-08-07",2,"wv","n","6473022",NA,"f",90,"bl",2,"other",NA,"p","closed","N",0,"N",0,0,0,0,1,1,1,"m","lm","white spot- tail and head",1,1,1,1,0,1,0,5,"6473022"
"182",182,182,"vc","vc25","led2425",NA,"p48",2020,"2020-08-07",2,"wv","n","10864052",NA,"f",160,"bl",1,"back",NA,"p","open","Y",1,"N",0,0,0,0,1,1,1,"m","lm","",1,1,1,1,2,1,2,9,"10864052"
"183",183,183,"vc","","led2425",NA,"b23",2020,"2020-08-07",2,"wv","r","6479878",NA,"",NA,"",NA,"","","","","",NA,"",NA,NA,0,NA,NA,1,1,"m","lm","",NA,NA,NA,NA,NA,NA,NA,0,"6479878"
"184",184,184,"vc","","led2425",NA,"b28",2020,"2020-08-07",2,"wv","r","6470025",NA,"",NA,"",NA,"","","","","",NA,"",NA,NA,0,NA,NA,NA,NA,"","","",NA,NA,NA,NA,NA,NA,NA,0,"6470025"
"185",185,185,"vc","","led2425",NA,"cl88",2020,"2020-08-07",2,"wv","r","8673949",NA,"",NA,"",NA,"","","","","",NA,"",NA,NA,0,NA,NA,NA,NA,"","","",NA,NA,NA,NA,NA,NA,NA,0,"5673949"
"186",186,186,"vc","vc26","led2425",NA,"b66",2020,"2020-08-07",2,"wv","n","5672821",NA,"m",25,"bl",2,"other","ns",NA,NA,NA,NA,NA,0,0,0,0,1,NA,NA,"","","white spot- head, tail",0,0,1,1,2,2,1,7,"5672821"
"187",187,187,"vc","vc27","led2425",NA,"p15",2020,"2020-08-07",2,"wv","n","10525795",NA,"f",175,"bl/br",1,"head",NA,"p","closed","Y",0,"N",NA,0,0,0,1,0,0,"","","",0,1,1,1,1,1,1,6,"10525795"
"188",188,188,"vc","vc28","led2425",NA,"ab01",2020,"2020-08-07",2,"wv","n","5598779",NA,"m",135,"bl",0,"","s",NA,NA,NA,NA,NA,0,0,1,0,1,1,1,"m","lm","",1,1,1,1,0,0,2,6,"5598779"
"189",189,189,"vc","elb21","cro1015",NA,"blue",2020,"2020-08-08",3,"wv","n","5666864",NA,"m",100,"bl",1,"back","ms",NA,NA,NA,NA,NA,2,2,0,0,1,1,1,"m","lm","",1,1,1,1,0,1,0,5,"5666864"
"190",190,190,"vc","","cro1015",NA,"p20",2020,"2020-08-08",3,"fv","r",NA,"ls","",NA,"",NA,"","","","","",NA,"",NA,NA,0,NA,NA,NA,NA,"","","",NA,NA,NA,NA,NA,NA,NA,0,NA
"191",191,191,"vc","vc29","cro1015",NA,"p15",2020,"2020-08-08",3,"fv","n",NA,"","m",40,"",NA,"","s",NA,NA,NA,NA,NA,0,2,1,0,NA,1,0,"m","lm","stubby feet",NA,NA,NA,NA,NA,NA,NA,0,NA
"192",192,192,"vc","","cro1015",NA,"p52",2020,"2020-08-08",3,"wv","r","10864801",NA,"",NA,"",NA,"","","","","",NA,"",NA,NA,0,NA,NA,1,0,"m","lm","",NA,NA,NA,NA,NA,NA,NA,0,"10864801"
"193",193,193,"vc","","cro1015",NA,"b13",2020,"2020-08-08",3,"fv","r",NA,"lh","",NA,"",NA,"","","","","",NA,"",NA,NA,0,NA,NA,1,1,"m","lm","",NA,NA,NA,NA,NA,NA,NA,0,NA
"194",194,194,"vc","vc30","cro1015",NA,"x25",2020,"2020-08-08",3,"wv","n","5594488",NA,"f",145,"bl",1,"head",NA,"p","open","Y",1,"N",0,2,0,0,1,1,1,"m","lm","",0,1,1,0,2,0,2,6,"5594488"
"195",195,195,"vc","","cro1015",NA,"a15",2020,"2020-08-08",3,"wv","r","5674075",NA,"",NA,"",NA,"","","","","",NA,"",NA,1,0,NA,NA,1,1,"m","lm","",NA,NA,NA,NA,NA,NA,NA,0,"5674075"
"196",196,196,"vc","","cro1015",NA,"cl64",2020,"2020-08-08",3,"fv","r",NA,"ls,rs","",NA,"",NA,"","","","","",NA,"",NA,NA,2,NA,NA,0,0,"","","",NA,NA,NA,NA,NA,NA,NA,0,NA
"197",197,197,"vc","","cro1015",NA,"f04",2020,"2020-08-08",3,"wv",NA,"","","",NA,"",NA,"","","","","",NA,"",NA,NA,NA,NA,NA,0,0,"","","escaped ",NA,NA,NA,NA,NA,NA,NA,0,""
"198",198,198,"vc","","cro1015",NA,"ab03",2020,"2020-08-08",3,"fv","r",NA,"rs","",NA,"",NA,"","","","","",NA,"",NA,NA,NA,NA,NA,0,0,"","","",NA,NA,NA,NA,NA,NA,NA,0,NA
"199",199,199,"vc","","cro1015",NA,"cl58",2020,"2020-08-08",3,"fv","n",NA,"","f",NA,"",NA,"",NA,"p","closed","Y",4,"Y",NA,NA,NA,NA,NA,NA,NA,"","","sadly died",NA,NA,NA,NA,NA,NA,NA,0,NA
"200",200,200,"vc","","cro1015",NA,"blank",2020,"2020-08-08",3,"fv","r",NA,"rh","",NA,"",NA,"","","","","",NA,"",NA,NA,NA,NA,NA,NA,NA,"","","",NA,NA,NA,NA,NA,NA,NA,0,NA
"201",201,201,"vc","vc31","sgi30",NA,"x5",2020,"2020-08-17",1,"wv","n","5668931",NA,"m",90,"bl",1,"head","ns",NA,NA,NA,NA,NA,4,0,2,0,1,0,0,NA,NA,"",0,1,1,1,2,0,2,7,"5668931"
"202",202,202,"vc","vc32","sgi30",NA,"a54",2020,"2020-08-17",1,"wv","n","6487359",NA,"m",75,"bl/br",1,"head","ns",NA,NA,NA,NA,NA,1,0,0,0,1,0,0,NA,NA,"Double PIT tagged. Second tag was 5673892",1,0,1,0,1,2,1,6,"5673892"
"203",203,203,"vc","vc33","sgi31",NA,"p77",2020,"2020-08-17",1,"wv","n","5673524",NA,"m",130,"bl",1,"head","s",NA,NA,NA,NA,NA,2,0,2,0,1,0,0,NA,NA,"Vicious! ",1,0,1,1,2,1,2,8,"5673524"
"204",204,204,"vc","vc34","sgi3637",NA,"x25",2020,"2020-08-19",3,"wv","n","6490811",NA,"m",70,"bl",0,"","ns",NA,NA,NA,NA,NA,0,0,0,0,1,0,0,NA,NA,"",1,0,0,0,0,1,0,2,"6490811"
"205",205,205,"vc","","sgi3637",NA,"da6",2020,"2020-08-19",3,"wv","r","5668043",NA,"",NA,"",NA,"","","","","",NA,"",NA,NA,0,NA,NA,NA,NA,"","","",NA,NA,NA,NA,NA,NA,NA,0,"5668043"
"206",206,206,"elb","lm221","led01",NA,"x2",2020,"2020-07-27",1,"wv","n","5663705",NA,"f",110,"bl",1,"other",NA,"p","closed","N",1,"N",NA,2,0,0,1,1,1,"m","lm","white spot location- head and tail",0,0,1,1,1,1,1,5,"5663705"
"207",207,207,"elb","elb01","led01",NA,"cl18",2020,"2020-07-27",1,"wv","n","6473304",NA,"f",105,"bl",1,"head",NA,"p","closed","N",1,"N",0,1,0,0,1,1,1,"m","lm","",1,1,1,0,2,2,1,8,"6473304"
"208",208,208,"elb","elb02","led01",NA,"cl42",2020,"2020-07-27",1,"wv","n","5667730",NA,"f",160,"bl",1,"head",NA,"p","open","N",2,"Y",NA,1,0,0,1,1,1,"m","lm","",0,1,1,0,2,0,1,5,"5667730"
"209",209,209,"elb","elb03","led01",NA,"cl77",2020,"2020-07-27",1,"wv","n","5664242",NA,"m",125,"bl",1,"head","s",NA,NA,NA,NA,NA,0,0,1,0,1,1,1,"m","lm","",0,0,1,1,0,2,1,5,"5664242"
"210",210,210,"elb","elb04","led01",NA,"cl22",2020,"2020-07-27",1,"wv","n","5598297",NA,"",NA,"",NA,"","","","","",NA,"",NA,NA,1,NA,NA,NA,NA,"","","escaped",NA,NA,NA,NA,NA,NA,NA,0,"5598297"
"211",211,211,"elb","","led01",NA,"cl18",2020,"2020-07-28",2,"wv","r","5662705",NA,"",NA,"",NA,"","","","","",NA,"",NA,NA,1,NA,NA,NA,NA,"","","",NA,NA,NA,NA,NA,NA,NA,0,"5663705"
"212",212,212,"elb","","led01",NA,"cl42",2020,"2020-07-28",2,"wv","r","5667730",NA,"",NA,"",NA,"","","","","",NA,"",NA,NA,0,NA,NA,NA,NA,"","","",NA,NA,NA,NA,NA,NA,NA,0,"5667730"
"213",213,213,"elb","elb05","led01",NA,"l14",2020,"2020-07-28",2,"wv","n","6491100",NA,"f",230,"bl/br",0,NA,NA,"p","open","Y",3,"N",NA,3,0,0,1,NA,NA,"","","",0,1,1,1,1,1,1,6,"6491100"
"214",214,214,"elb","","led01",NA,"blank",2020,"2020-07-28",2,"wv","r","10847528",NA,"",NA,"",NA,"","","","","",NA,"",NA,NA,0,NA,NA,NA,NA,"","","",NA,NA,NA,NA,NA,NA,NA,0,"10847528"
"215",215,215,"elb","elb06","led01",NA,"x33",2020,"2020-07-28",2,"wv","n","6496544",NA,"f",160,"bl",1,"head",NA,"np","open","N",2,"N",NA,1,0,0,1,NA,NA,"","","",0,0,1,0,2,2,1,6,"6496544"
"216",216,216,"elb","","led01",NA,"da9",2020,"2020-07-28",2,"wv","r","5598297",NA,"",NA,"",NA,"","","","","",NA,"",NA,NA,0,NA,NA,NA,NA,"","","",NA,NA,NA,NA,NA,NA,NA,0,"5598297"
"217",217,217,"elb","gp207","led0708",NA,"cl58",2020,"2020-07-28",2,"fv","n",NA,"ls,rs","m",45,"br",0,NA,"s",NA,NA,NA,NA,NA,0,0,0,0,NA,NA,NA,"","","",0,1,0,0,1,1,1,4,NA
"218",218,218,"elb","","led01",NA,"c37",2020,"2020-07-31",3,"wv","r","5667730",NA,"",NA,"",NA,"","","","","",NA,"",NA,NA,0,NA,NA,NA,NA,"","","",NA,NA,NA,NA,NA,NA,NA,0,"5667730"
"219",219,219,"elb","","led01",NA,"x33",2020,"2020-07-31",3,"wv","r","10847528",NA,"",NA,"",NA,"","","","","",NA,"",NA,NA,0,NA,NA,NA,NA,"","","",NA,NA,NA,NA,NA,NA,NA,0,"10847528"
"220",220,220,"elb","","led01",NA,"x25",2020,"2020-07-31",3,"wv","r","10872452",NA,"",NA,"",NA,"","","","","",NA,"",NA,NA,0,NA,NA,NA,NA,"","","",NA,NA,NA,NA,NA,NA,NA,0,"10872452"
"221",221,221,"elb","elb08","led01",NA,"cl54",2020,"2020-07-31",3,"wv","n","10872258",NA,"m",210,"bl",2,"head","s",NA,NA,NA,NA,NA,0,1,0,0,1,NA,0,"","","",1,1,1,1,0,2,1,7,"10872258"
"222",222,222,"elb","elb09","led01",NA,"cl81",2020,"2020-07-31",3,"wv","n","6501927",NA,"f",NA,"bl",0,"",NA,"p","open","N",2,"N",NA,NA,NA,NA,NA,NA,NA,"","","growth on side of head, kink in tail",NA,NA,NA,NA,NA,NA,NA,0,"6501927"
"223",223,223,"elb","","led0708",NA,"p26",2020,"2020-07-31",3,"wv","r","5663820",NA,"",NA,"",NA,"","","","","",NA,"",NA,NA,NA,NA,NA,NA,NA,"","","",NA,NA,NA,NA,NA,NA,NA,0,"5663820"
"224",224,224,"elb","elb10","ledx",NA,"p44",2020,"2020-08-02",1,"wv","n","10877419",NA,"m",50,"bl",2,"head","ns",NA,NA,NA,NA,NA,0,0,0,0,1,1,1,"m","lm","",0,1,1,0,1,1,0,4,"10877419"
"225",225,225,"elb","elb11","ledx",NA,"cl74",2020,"2020-08-02",1,"wv","n","10864216",NA,"m",60,"bl",0,NA,"ns",NA,NA,NA,NA,NA,0,0,0,0,1,1,1,"m","lm","",0,1,1,1,0,2,1,6,"10864216"
"226",226,226,"elb","elb12","ledx",NA,"x5",2020,"2020-08-02",1,"wv","nr","6479164",NA,"f",180,"bl",0,NA,NA,"p","open","Y",3,"Y",NA,0,0,1,1,1,1,"m","lm","blood spot, fur loss on head",0,0,1,1,1,1,1,5,"6479164"
"227",227,227,"elb","elb13","ledx",NA,"a55",2020,"2020-08-02",1,"wv","n","10872882",NA,"m",60,"bl",1,"head","ns",NA,NA,NA,NA,NA,0,0,0,0,1,1,1,"m","lm","",1,1,1,0,1,2,0,6,"10872882"
"228",228,228,"elb","elb14","ledx",NA,"p68",2020,"2020-08-02",1,"wv","n","5662237",NA,"m",190,"bl",0,NA,"s",NA,NA,NA,NA,NA,0,0,0,0,1,1,1,"m","lm","",1,1,1,0,0,1,1,5,"5662237"
"229",229,229,"elb","lm233","led2728",NA,"hk2",2020,"2020-08-02",1,"wv","n","5600773",NA,"m",180,"bl/br",0,NA,"s",NA,NA,NA,NA,NA,NA,6,0,0,1,1,1,"m","lm","",1,1,1,1,0,1,1,6,"5600773"
"230",230,230,"elb","hb10","ledx",NA,"a55",2020,"2020-08-03",2,"wv","n","10871965",NA,"m",125,"bl",0,NA,"s",NA,NA,NA,NA,NA,2,0,0,0,1,NA,NA,"","","",1,1,1,1,1,1,1,7,"10871965"
"231",231,231,"elb","","ledx",NA,"p68",2020,"2020-08-03",2,"wv","r","10872218",NA,"",NA,"",NA,"","","","","",NA,"",NA,NA,0,NA,NA,NA,NA,"","","two voles in one trap",NA,NA,NA,NA,NA,NA,NA,0,"10872218"
"232",232,232,"elb","elb15","ledx",NA,"p68",2020,"2020-08-03",2,"wv","n","10866128",NA,"f",65,"bl",0,NA,NA,"np","","N",1,"N",NA,1,0,0,1,NA,NA,"","","two voles in one trap",0,1,0,1,0,1,0,3,"10866128"
"233",233,233,"elb","hb11","ledx",NA,"p44",2020,"2020-08-03",2,"wv","n","10872454",NA,"m",100,"bl",1,"head","ns",NA,NA,NA,NA,NA,4,0,1,0,1,NA,NA,"","","",0,0,1,1,0,1,0,3,"10872454"
"234",234,234,"elb","","led2223",NA,"b55",2020,"2020-08-03",2,"wv","r","10864370",NA,"",NA,"",NA,"","","","","",NA,"",NA,NA,0,NA,NA,NA,NA,"","","",NA,NA,NA,NA,NA,NA,NA,0,"10864370"
"235",235,235,"elb","elb17","led2223",NA,"blank",2020,"2020-08-03",2,"wv","n","5681131",NA,"m",110,"bl",1,"head","s",NA,NA,NA,NA,NA,1,2,0,0,1,NA,NA,"","","",1,1,1,1,1,1,1,7,"5681131"
"236",236,236,"elb","elb18","led2728",NA,"b43",2020,"2020-08-03",2,"wv","n","5671755",NA,"f",50,"bl",0,NA,NA,"np","","N",1,"N",NA,0,0,0,1,NA,NA,"","","",0,1,0,0,0,1,0,2,"5671755"
"237",237,237,"elb","elb19","led2223",NA,"aa34",2020,"2020-08-04",3,"wv","n","5678827",NA,"m",145,"bl",1,"head","ns",NA,NA,NA,NA,NA,0,1,0,0,1,1,1,"m","lm","",1,0,1,1,2,1,1,7,"5678827"
"238",238,238,"elb","elb20","led2223",NA,"blank",2020,"2020-08-04",3,"wv","n","5680592",NA,"m",110,"bl",1,"head","ns",NA,NA,NA,NA,NA,1,1,0,0,1,1,1,"m","lm","",1,1,1,0,0,1,1,5,"5680592"
"239",239,239,"elb","elb21","cro1015",NA,"blue",2020,"2020-08-06",1,"wv","n","5666864",NA,"m",NA,"bl",1,"chin","ns",NA,NA,NA,NA,NA,2,NA,NA,NA,NA,NA,NA,"","","escaped ",0,1,1,1,0,0,1,4,"5666864"
"240",240,240,"elb","elb22","cro1015",NA,"p15",2020,"2020-08-06",1,"fv","n",NA,"ls","m",25,"br",NA,"","ms",NA,NA,NA,NA,NA,0,0,0,0,NA,1,1,"m","lm","",NA,NA,NA,NA,NA,NA,NA,0,NA
"241",241,241,"elb","elb23","cro1015",NA,"p52",2020,"2020-08-06",1,"wv","n","10864801",NA,"m",80,"bl",0,NA,"ns",NA,NA,NA,NA,NA,1,0,0,0,1,1,1,"m","lm","",1,1,1,0,0,1,0,4,"10864801"
"242",242,242,"elb","elb24","cro1015",NA,"a15",2020,"2020-08-06",1,"fv","n",NA,"","m",NA,"br",NA,"","ns","","","",NA,"",0,NA,0,NA,NA,NA,NA,"","","escaped",NA,NA,NA,NA,NA,NA,NA,0,NA
"243",243,243,"elb","elb25","cro1015",NA,"x16",2020,"2020-08-06",1,"wv","n","5672531",NA,"f",180,"bl",0,NA,NA,"np","closed","Y",2,"N",2,0,0,0,1,1,1,"m","lm","",0,1,1,1,1,1,1,6,"5672531"
"244",244,244,"elb","elb26","cro1015",NA,"ab03",2020,"2020-08-06",1,"fv","n",NA,"rs","f",35,"br",NA,"",NA,"np","closed","N",1,"N",1,0,0,0,NA,1,1,"m","lm","",NA,NA,NA,NA,NA,NA,NA,0,NA
"245",245,245,"elb","","cro1015",NA,"p20",2020,"2020-08-07",2,"fv","r",NA,"ls","",NA,"",NA,"","","","","",NA,"",NA,NA,0,NA,NA,NA,NA,"","","",NA,NA,NA,NA,NA,NA,NA,0,NA
"246",246,246,"elb","elb27","cro1015",NA,"f04",2020,"2020-08-07",2,"wv","n","5674978",NA,"m",195,"bl",2,"fl","ms",NA,NA,NA,NA,NA,1,1,1,0,1,NA,NA,"","","",1,1,1,1,0,1,1,6,"5674978"
"247",247,247,"elb","","cro1015",NA,"p52",2020,"2020-08-07",2,"wv","r","10864801",NA,"",NA,"",NA,"","","","","",NA,"",NA,NA,0,NA,NA,NA,NA,"","","",NA,NA,NA,NA,NA,NA,NA,0,"10864801"
"248",248,248,"elb","elb28","cro1015",NA,"b13",2020,"2020-08-07",2,"fv","n",NA,"lh","m",45,"br",NA,"","ns",NA,NA,NA,NA,NA,1,0,0,0,NA,NA,NA,"","","",NA,NA,NA,NA,NA,NA,NA,0,NA
"249",249,249,"elb","elb29","cro1015",NA,"p24",2020,"2020-08-07",2,"fv","n",NA,"lh,rs","m",30,"br",NA,"","ns",NA,NA,NA,NA,NA,0,2,0,0,NA,NA,NA,"","","",NA,NA,NA,NA,NA,NA,NA,0,NA
"250",250,250,"elb","","cro1015",NA,"ab03",2020,"2020-08-07",2,"fv","r",NA,"rs","",NA,"",NA,"","","","","",NA,"",NA,NA,0,NA,NA,NA,NA,"","","",NA,NA,NA,NA,NA,NA,NA,0,NA
"251",251,251,"elb","","led2425",NA,"b23",2020,"2020-08-08",3,"wv","r","6479878",NA,"",NA,"",NA,"","","","","",NA,"",NA,NA,1,NA,NA,NA,NA,"","","",NA,NA,NA,NA,NA,NA,NA,0,"6479878"
"252",252,252,"elb","","led2425",NA,"ab04",2020,"2020-08-08",3,"wv","r","5598346",NA,"",NA,"",NA,"","","","","",NA,"",NA,NA,0,NA,NA,NA,NA,"","","",NA,NA,NA,NA,NA,NA,NA,0,"5598346"
"253",253,253,"elb","elb30","led2425",NA,"p77",2020,"2020-08-08",3,"wv","n","6495711",NA,"f",160,"bl",1,"head",NA,"np","closed","N",1,"N",NA,0,0,0,1,NA,NA,"","","",1,1,1,1,0,2,1,7,"6495711"
"254",254,254,"elb","","led2425",NA,"b33",2020,"2020-08-08",3,"wv","r","10864776",NA,"",NA,"",NA,"","","","","",NA,"",NA,NA,0,NA,NA,NA,NA,"","","",NA,NA,NA,NA,NA,NA,NA,0,"10864776"
"255",255,255,"elb","elb31","led2425",NA,"b43",2020,"2020-08-08",3,"wv","n","10864254",NA,"m",60,"bl",0,NA,"ns",NA,NA,NA,NA,NA,1,0,0,0,1,NA,NA,"","","",0,1,1,1,0,2,1,6,"10864254"
"256",256,256,"elb","elb32","led2425",NA,"da18",2020,"2020-08-08",3,"wv","n","5678133",NA,"m",55,"bl",1,"head","ns",NA,NA,NA,NA,NA,0,0,0,0,1,NA,NA,"","","",1,1,1,1,1,1,1,7,"5678133"
"257",257,257,"elb","","lei18",NA,"f28",2020,"2020-08-12",2,"wv","r","5663128",NA,"",NA,"",NA,"","","","","",NA,"",NA,NA,0,NA,NA,NA,NA,"","","",NA,NA,NA,NA,NA,NA,NA,0,"5663128"
"258",258,258,"elb","","lei18",NA,"x4",2020,"2020-08-13",3,"wv","r","5663128",NA,"",NA,"",NA,"","","","","",NA,"",NA,NA,0,NA,NA,NA,NA,"","","",NA,NA,NA,NA,NA,NA,NA,0,"5663128"
"259",259,259,"elb","","lei1317",NA,"b18",2020,"2020-08-13",3,"fv","r",NA,"","",NA,"",NA,"","","","","",NA,"",NA,NA,0,NA,NA,NA,NA,"","","not marked but previously bled",NA,NA,NA,NA,NA,NA,NA,0,NA
"260",260,260,"elb","","lei1317",NA,"b01",2020,"2020-08-13",3,"fv","r",NA,"","",NA,"",NA,"","","","","",NA,"",NA,NA,0,NA,NA,NA,NA,"","","escaped, not marked but previously bled",NA,NA,NA,NA,NA,NA,NA,0,NA
"261",261,261,"elb","elb36","lei1317",NA,"da4",2020,"2020-08-13",3,"wv","n","6468986",NA,"m",190,"bl",2,"tail","s",NA,NA,NA,NA,NA,0,2,0,1,1,1,1,"m","lm","fur loss on back",0,0,1,1,1,1,1,5,"6468986"
"262",262,262,"elb","elb37","sgi30",NA,"cl65",2020,"2020-08-17",1,"wv","n","6493385",NA,"m",100,"bl",2,"other","ns",NA,NA,NA,NA,NA,2,1,1,0,1,NA,NA,"","","white spot location- head and tail",1,1,1,0,0,1,0,4,"5806504"
"263",263,263,"elb","elb39","sgi30",NA,"p68",2020,"2020-08-17",1,"wv","nr","6485429",NA,"f",185,"bl/br",0,"",NA,"p","closed","Y",2,"Y",0,0,0,0,1,NA,NA,"","","",1,1,0,1,0,1,0,4,"6485429"
"264",264,264,"elb","elb37","sgi30",NA,"cl65",2020,"2020-08-18",2,"wv","r","5806504",NA,"",NA,"",NA,"","","","","",NA,"",NA,NA,1,NA,NA,NA,NA,"","","recapture of elb37: pit tag had come out so new pit tag inserted",NA,NA,NA,NA,NA,NA,NA,0,"5806504"
"265",265,265,"elb","","sgi30",NA,"p68",2020,"2020-08-18",2,"wv","r","6485429",NA,"",NA,"",NA,"","","","","",NA,"",NA,NA,0,NA,NA,NA,NA,"","","",NA,NA,NA,NA,NA,NA,NA,0,"6485429"
"266",266,266,"elb","vc32","sgi30",NA,"aa39",2020,"2020-08-18",2,"wv","r","5673892",NA,"",NA,"",NA,"","","","","",NA,"",NA,NA,0,NA,NA,NA,NA,"","","",NA,NA,NA,NA,NA,NA,NA,0,"5673892"
"267",267,267,"elb","","sgi31",NA,"p48",2020,"2020-08-19",3,"wv","r","5673524",NA,"",NA,"",NA,"","","","","",NA,"",NA,NA,1,NA,NA,NA,NA,"","","escaped",NA,NA,NA,NA,NA,NA,NA,0,"5673524"
"268",268,268,"elb","","sgi30",NA,"aa39",2020,"2020-08-19",3,"wv","r","5674869",NA,"",NA,"",NA,"","","","","",NA,"",NA,NA,0,NA,NA,1,1,"m","lm","",NA,NA,NA,NA,NA,NA,NA,0,"5674861"
"269",269,269,"elb","vc32","sgi30",NA,"a54",2020,"2020-08-19",3,"wv","r","5673892",NA,"",NA,"",NA,"","","","","",NA,"",NA,NA,0,NA,NA,1,1,"m","lm","",NA,NA,NA,NA,NA,NA,NA,0,"5673892"
"270",270,270,"elb","","sgi30",NA,"p68",2020,"2020-08-19",3,"wv","r","6485429",NA,"",NA,"",NA,"","","","","",NA,"",NA,NA,0,NA,NA,1,1,"m","lm","",NA,NA,NA,NA,NA,NA,NA,0,"6485429"
"271",271,271,"elb","elb37","sgi30",NA,"b66",2020,"2020-08-19",3,"wv","r","5806504",NA,"",NA,"",NA,"","","","","",NA,"",NA,NA,0,NA,NA,1,1,"m","lm","",NA,NA,NA,NA,NA,NA,NA,0,"5806504"
"272",272,272,"elb","","sgi30",NA,"blank",2020,"2020-08-19",3,"wv","r","5668931",NA,"",NA,"",NA,"","","","","",NA,"",NA,NA,0,NA,NA,1,1,"m","lm","",NA,NA,NA,NA,NA,NA,NA,0,"5668931"
"273",273,273,"elb","","sgi30",NA,"b28",2020,"2020-08-19",3,"wv","r","6484273",NA,"",NA,"",NA,"","","","","",NA,"",NA,NA,0,NA,NA,1,1,"m","lm","pit tag had come out so new pit tag inserted",NA,NA,NA,NA,NA,NA,NA,0,"5674301"
"274",274,274,"elb","","",NA,"",NA,"",NA,"",NA,NA,"","",NA,"",NA,"","","","","",NA,"",NA,NA,NA,NA,NA,NA,NA,"","","",NA,NA,NA,NA,NA,NA,NA,0,NA
"275",275,275,"elb","","",NA,"",NA,"",NA,"",NA,NA,"","",NA,"",NA,"","","","","",NA,"",NA,NA,NA,NA,NA,NA,NA,"","","",NA,NA,NA,NA,NA,NA,NA,0,NA
"276",276,276,"elb","","",NA,"",NA,"",NA,"",NA,NA,"","",NA,"",NA,"","","","","",NA,"",NA,NA,NA,NA,NA,NA,NA,"","","",NA,NA,NA,NA,NA,NA,NA,0,NA
